[{"model": "admin.logentry", "pk": 1, "fields": {"action_time": "2022-11-19T18:24:39.778Z", "user": 1, "content_type": 9, "object_id": "1", "object_repr": "Men", "action_flag": 1, "change_message": "[{\"added\": {}}]"}}, {"model": "admin.logentry", "pk": 2, "fields": {"action_time": "2022-11-19T18:25:08.117Z", "user": 1, "content_type": 15, "object_id": "1", "object_repr": "Sneakers", "action_flag": 1, "change_message": "[{\"added\": {}}]"}}, {"model": "admin.logentry", "pk": 3, "fields": {"action_time": "2022-11-19T18:26:35.806Z", "user": 1, "content_type": 11, "object_id": "1", "object_repr": "Material object (1)", "action_flag": 1, "change_message": "[{\"added\": {}}]"}}, {"model": "admin.logentry", "pk": 4, "fields": {"action_time": "2022-11-19T18:39:04.172Z", "user": 1, "content_type": 14, "object_id": "1", "object_repr": "40", "action_flag": 1, "change_message": "[{\"added\": {}}]"}}, {"model": "admin.logentry", "pk": 5, "fields": {"action_time": "2022-11-19T18:40:43.477Z", "user": 1, "content_type": 7, "object_id": "1", "object_repr": "Nike", "action_flag": 1, "change_message": "[{\"added\": {}}]"}}, {"model": "admin.logentry", "pk": 6, "fields": {"action_time": "2022-11-19T18:47:21.311Z", "user": 1, "content_type": 13, "object_id": "1", "object_repr": "Louis Vuitton Air Force 1", "action_flag": 1, "change_message": "[{\"added\": {}}]"}}, {"model": "admin.logentry", "pk": 7, "fields": {"action_time": "2022-11-19T18:48:16.311Z", "user": 1, "content_type": 19, "object_id": "1", "object_repr": "Leather", "action_flag": 1, "change_message": "[{\"added\": {}}]"}}, {"model": "admin.logentry", "pk": 8, "fields": {"action_time": "2022-11-19T18:50:08.977Z", "user": 1, "content_type": 17, "object_id": "1", "object_repr": "40 - Louis Vuitton Air Force 1", "action_flag": 1, "change_message": "[{\"added\": {}}]"}}, {"model": "admin.logentry", "pk": 9, "fields": {"action_time": "2022-11-19T18:52:11.084Z", "user": 1, "content_type": 10, "object_id": "1", "object_repr": "Gold", "action_flag": 1, "change_message": "[{\"added\": {}}]"}}, {"model": "admin.logentry", "pk": 10, "fields": {"action_time": "2022-11-19T18:52:19.572Z", "user": 1, "content_type": 20, "object_id": "1", "object_repr": "Gold - Louis Vuitton Air Force 1", "action_flag": 1, "change_message": "[{\"added\": {}}]"}}, {"model": "admin.logentry", "pk": 11, "fields": {"action_time": "2022-11-19T18:55:06.395Z", "user": 1, "content_type": 18, "object_id": "1", "object_repr": "Louis Vuitton Air Force 1 Photos", "action_flag": 1, "change_message": "[{\"added\": {}}]"}}, {"model": "admin.logentry", "pk": 12, "fields": {"action_time": "2022-11-19T19:05:48.910Z", "user": 1, "content_type": 18, "object_id": "1", "object_repr": "Louis Vuitton Air Force 1 Photos1", "action_flag": 2, "change_message": "[{\"changed\": {\"fields\": [\"\\u0417\\u0430\\u0433\\u043e\\u043b\\u043e\\u0432\\u043e\\u043a\"]}}]"}}, {"model": "admin.logentry", "pk": 13, "fields": {"action_time": "2022-11-19T19:06:03.145Z", "user": 1, "content_type": 18, "object_id": "2", "object_repr": "Louis Vuitton Air Force 1 Photos", "action_flag": 1, "change_message": "[{\"added\": {}}]"}}, {"model": "admin.logentry", "pk": 14, "fields": {"action_time": "2022-11-19T19:06:35.743Z", "user": 1, "content_type": 18, "object_id": "1", "object_repr": "Louis Vuitton Air Force 1 Photos1", "action_flag": 3, "change_message": ""}}, {"model": "admin.logentry", "pk": 15, "fields": {"action_time": "2022-11-19T20:33:54.663Z", "user": 1, "content_type": 13, "object_id": "1", "object_repr": "Louis Vuitton Air Force 1", "action_flag": 2, "change_message": "[{\"changed\": {\"fields\": [\"\\u041f\\u043e\\u0441\\u0442\\u0435\\u0440\"]}}]"}}, {"model": "admin.logentry", "pk": 16, "fields": {"action_time": "2022-11-19T20:41:03.998Z", "user": 1, "content_type": 13, "object_id": "1", "object_repr": "Louis Vuitton Air Force 1", "action_flag": 2, "change_message": "[{\"changed\": {\"fields\": [\"\\u041f\\u043e\\u0441\\u0442\\u0435\\u0440\"]}}]"}}, {"model": "admin.logentry", "pk": 17, "fields": {"action_time": "2022-11-19T20:41:55.185Z", "user": 1, "content_type": 13, "object_id": "1", "object_repr": "Louis Vuitton Air Force 1", "action_flag": 2, "change_message": "[{\"changed\": {\"fields\": [\"\\u041f\\u043e\\u0441\\u0442\\u0435\\u0440\"]}}]"}}, {"model": "admin.logentry", "pk": 18, "fields": {"action_time": "2022-11-20T10:51:01.794Z", "user": 1, "content_type": 10, "object_id": "2", "object_repr": "Черный", "action_flag": 1, "change_message": "[{\"added\": {}}]"}}, {"model": "admin.logentry", "pk": 19, "fields": {"action_time": "2022-11-21T14:00:13.504Z", "user": 1, "content_type": 13, "object_id": "1", "object_repr": "Louis Vuitton Air Force 1", "action_flag": 2, "change_message": "[{\"changed\": {\"fields\": [\"Color\", \"Size\", \"Material\"]}}]"}}, {"model": "admin.logentry", "pk": 20, "fields": {"action_time": "2022-11-22T19:04:32.973Z", "user": 1, "content_type": 13, "object_id": "1", "object_repr": "Louis Vuitton Air Force 1", "action_flag": 2, "change_message": "[{\"changed\": {\"fields\": [\"Color\"]}}]"}}, {"model": "admin.logentry", "pk": 21, "fields": {"action_time": "2022-11-22T19:30:57.626Z", "user": 1, "content_type": 13, "object_id": "1", "object_repr": "Louis Vuitton Air Force 1", "action_flag": 2, "change_message": "[{\"changed\": {\"fields\": [\"\\u0412\\u0435\\u0441\"]}}]"}}, {"model": "admin.logentry", "pk": 22, "fields": {"action_time": "2022-11-22T19:32:43.635Z", "user": 1, "content_type": 13, "object_id": "1", "object_repr": "Louis Vuitton Air Force 1", "action_flag": 2, "change_message": "[]"}}, {"model": "admin.logentry", "pk": 23, "fields": {"action_time": "2022-11-22T19:45:53.909Z", "user": 1, "content_type": 18, "object_id": "2", "object_repr": "Photo 1 Lousi", "action_flag": 2, "change_message": "[{\"changed\": {\"fields\": [\"\\u0417\\u0430\\u0433\\u043e\\u043b\\u043e\\u0432\\u043e\\u043a\"]}}]"}}, {"model": "admin.logentry", "pk": 24, "fields": {"action_time": "2022-11-22T19:46:07.069Z", "user": 1, "content_type": 18, "object_id": "2", "object_repr": "Photo 1 Lousi", "action_flag": 2, "change_message": "[{\"changed\": {\"fields\": [\"\\u0418\\u0437\\u043e\\u0431\\u0440\\u043e\\u0436\\u0435\\u043d\\u0438\\u0435\"]}}]"}}, {"model": "admin.logentry", "pk": 25, "fields": {"action_time": "2022-11-22T19:46:35.610Z", "user": 1, "content_type": 18, "object_id": "3", "object_repr": "photo loise 2", "action_flag": 1, "change_message": "[{\"added\": {}}]"}}, {"model": "admin.logentry", "pk": 26, "fields": {"action_time": "2022-11-22T19:47:01.023Z", "user": 1, "content_type": 18, "object_id": "4", "object_repr": "photo louse 3", "action_flag": 1, "change_message": "[{\"added\": {}}]"}}, {"model": "admin.logentry", "pk": 27, "fields": {"action_time": "2022-11-22T19:47:17.019Z", "user": 1, "content_type": 18, "object_id": "5", "object_repr": "photo louse 4", "action_flag": 1, "change_message": "[{\"added\": {}}]"}}, {"model": "admin.logentry", "pk": 28, "fields": {"action_time": "2022-11-22T19:50:42.700Z", "user": 1, "content_type": 18, "object_id": "2", "object_repr": "Photo 1 Lousi", "action_flag": 2, "change_message": "[{\"changed\": {\"fields\": [\"\\u0418\\u0437\\u043e\\u0431\\u0440\\u043e\\u0436\\u0435\\u043d\\u0438\\u0435\"]}}]"}}, {"model": "admin.logentry", "pk": 29, "fields": {"action_time": "2022-11-22T19:50:57.615Z", "user": 1, "content_type": 18, "object_id": "3", "object_repr": "photo loise 2", "action_flag": 2, "change_message": "[{\"changed\": {\"fields\": [\"\\u0418\\u0437\\u043e\\u0431\\u0440\\u043e\\u0436\\u0435\\u043d\\u0438\\u0435\"]}}]"}}, {"model": "admin.logentry", "pk": 30, "fields": {"action_time": "2022-11-22T19:51:14.510Z", "user": 1, "content_type": 18, "object_id": "4", "object_repr": "photo louse 3", "action_flag": 2, "change_message": "[{\"changed\": {\"fields\": [\"\\u0418\\u0437\\u043e\\u0431\\u0440\\u043e\\u0436\\u0435\\u043d\\u0438\\u0435\"]}}]"}}, {"model": "admin.logentry", "pk": 31, "fields": {"action_time": "2022-11-22T19:51:22.865Z", "user": 1, "content_type": 18, "object_id": "5", "object_repr": "photo louse 4", "action_flag": 2, "change_message": "[{\"changed\": {\"fields\": [\"\\u0418\\u0437\\u043e\\u0431\\u0440\\u043e\\u0436\\u0435\\u043d\\u0438\\u0435\"]}}]"}}, {"model": "admin.logentry", "pk": 32, "fields": {"action_time": "2022-11-22T19:58:23.459Z", "user": 1, "content_type": 18, "object_id": "2", "object_repr": "Photo 1 Lousi", "action_flag": 2, "change_message": "[{\"changed\": {\"fields\": [\"\\u0418\\u0437\\u043e\\u0431\\u0440\\u043e\\u0436\\u0435\\u043d\\u0438\\u0435\"]}}]"}}, {"model": "admin.logentry", "pk": 33, "fields": {"action_time": "2022-11-22T19:58:49.959Z", "user": 1, "content_type": 18, "object_id": "2", "object_repr": "Photo 1 Lousi", "action_flag": 2, "change_message": "[{\"changed\": {\"fields\": [\"\\u0418\\u0437\\u043e\\u0431\\u0440\\u043e\\u0436\\u0435\\u043d\\u0438\\u0435\"]}}]"}}, {"model": "admin.logentry", "pk": 34, "fields": {"action_time": "2022-11-22T19:59:59.635Z", "user": 1, "content_type": 10, "object_id": "3", "object_repr": "Blue", "action_flag": 1, "change_message": "[{\"added\": {}}]"}}, {"model": "admin.logentry", "pk": 35, "fields": {"action_time": "2022-11-22T20:00:26.655Z", "user": 1, "content_type": 10, "object_id": "4", "object_repr": "Brown", "action_flag": 1, "change_message": "[{\"added\": {}}]"}}, {"model": "admin.logentry", "pk": 36, "fields": {"action_time": "2022-11-22T20:00:55.152Z", "user": 1, "content_type": 10, "object_id": "5", "object_repr": "White", "action_flag": 1, "change_message": "[{\"added\": {}}]"}}, {"model": "admin.logentry", "pk": 37, "fields": {"action_time": "2022-11-22T20:01:09.456Z", "user": 1, "content_type": 13, "object_id": "1", "object_repr": "Louis Vuitton Air Force 1", "action_flag": 2, "change_message": "[{\"changed\": {\"fields\": [\"Color\"]}}]"}}, {"model": "admin.logentry", "pk": 38, "fields": {"action_time": "2022-11-22T20:02:01.663Z", "user": 1, "content_type": 10, "object_id": "3", "object_repr": "Blue", "action_flag": 2, "change_message": "[{\"changed\": {\"fields\": [\"\\u041a\\u043e\\u0434\\u0435\"]}}]"}}, {"model": "admin.logentry", "pk": 39, "fields": {"action_time": "2022-11-23T14:50:53.385Z", "user": 1, "content_type": 18, "object_id": "2", "object_repr": "Photo 1 Lousi", "action_flag": 2, "change_message": "[{\"changed\": {\"fields\": [\"\\u0418\\u0437\\u043e\\u0431\\u0440\\u043e\\u0436\\u0435\\u043d\\u0438\\u0435_150x160\", \"\\u0418\\u0437\\u043e\\u0431\\u0440\\u043e\\u0436\\u0435\\u043d\\u0438\\u0435_810x900\", \"\\u0418\\u0437\\u043e\\u0431\\u0440\\u043e\\u0436\\u0435\\u043d\\u0438\\u0435_540x600\"]}}]"}}, {"model": "admin.logentry", "pk": 40, "fields": {"action_time": "2022-11-23T14:53:48.076Z", "user": 1, "content_type": 18, "object_id": "3", "object_repr": "photo loise 2", "action_flag": 2, "change_message": "[{\"changed\": {\"fields\": [\"\\u0418\\u0437\\u043e\\u0431\\u0440\\u043e\\u0436\\u0435\\u043d\\u0438\\u0435_150x160\", \"\\u0418\\u0437\\u043e\\u0431\\u0440\\u043e\\u0436\\u0435\\u043d\\u0438\\u0435_810x900\", \"\\u0418\\u0437\\u043e\\u0431\\u0440\\u043e\\u0436\\u0435\\u043d\\u0438\\u0435_540x600\"]}}]"}}, {"model": "admin.logentry", "pk": 41, "fields": {"action_time": "2022-11-23T14:55:53.386Z", "user": 1, "content_type": 18, "object_id": "4", "object_repr": "photo louse 3", "action_flag": 2, "change_message": "[{\"changed\": {\"fields\": [\"\\u0418\\u0437\\u043e\\u0431\\u0440\\u043e\\u0436\\u0435\\u043d\\u0438\\u0435_150x160\", \"\\u0418\\u0437\\u043e\\u0431\\u0440\\u043e\\u0436\\u0435\\u043d\\u0438\\u0435_810x900\", \"\\u0418\\u0437\\u043e\\u0431\\u0440\\u043e\\u0436\\u0435\\u043d\\u0438\\u0435_540x600\"]}}]"}}, {"model": "admin.logentry", "pk": 42, "fields": {"action_time": "2022-11-23T14:58:21.508Z", "user": 1, "content_type": 18, "object_id": "5", "object_repr": "photo louse 4", "action_flag": 2, "change_message": "[{\"changed\": {\"fields\": [\"\\u0418\\u0437\\u043e\\u0431\\u0440\\u043e\\u0436\\u0435\\u043d\\u0438\\u0435_150x160\", \"\\u0418\\u0437\\u043e\\u0431\\u0440\\u043e\\u0436\\u0435\\u043d\\u0438\\u0435_810x900\", \"\\u0418\\u0437\\u043e\\u0431\\u0440\\u043e\\u0436\\u0435\\u043d\\u0438\\u0435_540x600\"]}}]"}}, {"model": "admin.logentry", "pk": 43, "fields": {"action_time": "2022-11-23T15:25:51.328Z", "user": 1, "content_type": 18, "object_id": "2", "object_repr": "Photo 1 Lousi", "action_flag": 2, "change_message": "[{\"changed\": {\"fields\": [\"Imagesmall\", \"Imagezoom\", \"Imagebig\"]}}]"}}, {"model": "admin.logentry", "pk": 44, "fields": {"action_time": "2022-11-23T15:26:08.211Z", "user": 1, "content_type": 18, "object_id": "3", "object_repr": "photo loise 2", "action_flag": 2, "change_message": "[{\"changed\": {\"fields\": [\"Imagesmall\", \"Imagezoom\", \"Imagebig\"]}}]"}}, {"model": "admin.logentry", "pk": 45, "fields": {"action_time": "2022-11-23T15:26:21.386Z", "user": 1, "content_type": 18, "object_id": "4", "object_repr": "photo louse 3", "action_flag": 2, "change_message": "[{\"changed\": {\"fields\": [\"Imagesmall\", \"Imagezoom\", \"Imagebig\"]}}]"}}, {"model": "admin.logentry", "pk": 46, "fields": {"action_time": "2022-11-23T15:26:35.198Z", "user": 1, "content_type": 18, "object_id": "5", "object_repr": "photo louse 4", "action_flag": 2, "change_message": "[{\"changed\": {\"fields\": [\"Imagesmall\", \"Imagezoom\", \"Imagebig\"]}}]"}}, {"model": "admin.logentry", "pk": 47, "fields": {"action_time": "2022-11-25T13:25:57.604Z", "user": 1, "content_type": 18, "object_id": "2", "object_repr": "Photo 1 Lousi", "action_flag": 2, "change_message": "[{\"changed\": {\"fields\": [\"ImageSmall\", \"ImageBig\", \"ImageZoom\"]}}]"}}, {"model": "admin.logentry", "pk": 48, "fields": {"action_time": "2022-11-25T13:26:24.189Z", "user": 1, "content_type": 18, "object_id": "3", "object_repr": "photo loise 2", "action_flag": 2, "change_message": "[{\"changed\": {\"fields\": [\"ImageSmall\", \"ImageBig\", \"ImageZoom\"]}}]"}}, {"model": "admin.logentry", "pk": 49, "fields": {"action_time": "2022-11-25T13:33:19.747Z", "user": 1, "content_type": 18, "object_id": "3", "object_repr": "photo loise 2", "action_flag": 2, "change_message": "[{\"changed\": {\"fields\": [\"ImageSmall\", \"ImageBig\", \"ImageZoom\"]}}]"}}, {"model": "admin.logentry", "pk": 50, "fields": {"action_time": "2022-11-25T13:33:42.185Z", "user": 1, "content_type": 18, "object_id": "2", "object_repr": "Photo 1 Lousi", "action_flag": 2, "change_message": "[{\"changed\": {\"fields\": [\"ImageSmall\", \"ImageBig\", \"ImageZoom\"]}}]"}}, {"model": "admin.logentry", "pk": 51, "fields": {"action_time": "2022-11-25T13:37:39.260Z", "user": 1, "content_type": 18, "object_id": "4", "object_repr": "photo louse 3", "action_flag": 2, "change_message": "[{\"changed\": {\"fields\": [\"ImageSmall\", \"ImageBig\", \"ImageZoom\"]}}]"}}, {"model": "admin.logentry", "pk": 52, "fields": {"action_time": "2022-11-25T13:38:02.293Z", "user": 1, "content_type": 18, "object_id": "5", "object_repr": "photo louse 4", "action_flag": 2, "change_message": "[{\"changed\": {\"fields\": [\"ImageSmall\", \"ImageBig\", \"ImageZoom\"]}}]"}}, {"model": "admin.logentry", "pk": 53, "fields": {"action_time": "2022-11-25T13:52:00.519Z", "user": 1, "content_type": 18, "object_id": "2", "object_repr": "Photo 1 Lousi", "action_flag": 2, "change_message": "[]"}}, {"model": "admin.logentry", "pk": 54, "fields": {"action_time": "2022-11-25T13:53:34.991Z", "user": 1, "content_type": 18, "object_id": "2", "object_repr": "Photo 1 Lousi", "action_flag": 2, "change_message": "[{\"changed\": {\"fields\": [\"\\u0424\\u043e\\u0442\\u043e 150X160\", \"\\u0424\\u043e\\u0442\\u043e 540X600\", \"\\u0424\\u043e\\u0442\\u043e 810X900\"]}}]"}}, {"model": "admin.logentry", "pk": 55, "fields": {"action_time": "2022-11-25T13:54:33.736Z", "user": 1, "content_type": 18, "object_id": "3", "object_repr": "photo loise 2", "action_flag": 2, "change_message": "[{\"changed\": {\"fields\": [\"\\u0424\\u043e\\u0442\\u043e 150X160\", \"\\u0424\\u043e\\u0442\\u043e 540X600\", \"\\u0424\\u043e\\u0442\\u043e 810X900\"]}}]"}}, {"model": "admin.logentry", "pk": 56, "fields": {"action_time": "2022-11-25T13:54:53.631Z", "user": 1, "content_type": 18, "object_id": "4", "object_repr": "photo louse 3", "action_flag": 2, "change_message": "[{\"changed\": {\"fields\": [\"\\u0424\\u043e\\u0442\\u043e 150X160\", \"\\u0424\\u043e\\u0442\\u043e 540X600\", \"\\u0424\\u043e\\u0442\\u043e 810X900\"]}}]"}}, {"model": "admin.logentry", "pk": 57, "fields": {"action_time": "2022-11-25T13:55:16.237Z", "user": 1, "content_type": 18, "object_id": "5", "object_repr": "photo louse 4", "action_flag": 2, "change_message": "[{\"changed\": {\"fields\": [\"\\u0424\\u043e\\u0442\\u043e 150X160\", \"\\u0424\\u043e\\u0442\\u043e 540X600\", \"\\u0424\\u043e\\u0442\\u043e 810X900\"]}}]"}}, {"model": "admin.logentry", "pk": 58, "fields": {"action_time": "2022-11-25T13:58:48.143Z", "user": 1, "content_type": 18, "object_id": "3", "object_repr": "photo loise 2", "action_flag": 2, "change_message": "[{\"changed\": {\"fields\": [\"\\u0424\\u043e\\u0442\\u043e 150X160\", \"\\u0424\\u043e\\u0442\\u043e 540X600\", \"\\u0424\\u043e\\u0442\\u043e 810X900\"]}}]"}}, {"model": "admin.logentry", "pk": 59, "fields": {"action_time": "2022-11-27T17:25:45.905Z", "user": 1, "content_type": 14, "object_id": "2", "object_repr": "39", "action_flag": 1, "change_message": "[{\"added\": {}}]"}}, {"model": "admin.logentry", "pk": 60, "fields": {"action_time": "2022-11-27T17:26:10.812Z", "user": 1, "content_type": 14, "object_id": "3", "object_repr": "38", "action_flag": 1, "change_message": "[{\"added\": {}}]"}}, {"model": "admin.logentry", "pk": 61, "fields": {"action_time": "2022-11-27T17:26:18.394Z", "user": 1, "content_type": 14, "object_id": "4", "object_repr": "41", "action_flag": 1, "change_message": "[{\"added\": {}}]"}}, {"model": "admin.logentry", "pk": 62, "fields": {"action_time": "2022-11-27T17:26:22.576Z", "user": 1, "content_type": 14, "object_id": "5", "object_repr": "42", "action_flag": 1, "change_message": "[{\"added\": {}}]"}}, {"model": "admin.logentry", "pk": 63, "fields": {"action_time": "2022-11-27T17:30:00.957Z", "user": 1, "content_type": 11, "object_id": "2", "object_repr": "Polyester 100%", "action_flag": 1, "change_message": "[{\"added\": {}}]"}}, {"model": "admin.logentry", "pk": 64, "fields": {"action_time": "2022-11-27T17:31:12.956Z", "user": 1, "content_type": 13, "object_id": "2", "object_repr": "Nike  Air Mag sneakers", "action_flag": 1, "change_message": "[{\"added\": {}}]"}}, {"model": "admin.logentry", "pk": 65, "fields": {"action_time": "2022-11-27T17:35:40.129Z", "user": 1, "content_type": 13, "object_id": "2", "object_repr": "Nike  Air Mag sneakers", "action_flag": 2, "change_message": "[{\"changed\": {\"fields\": [\"\\u041f\\u043e\\u0441\\u0442\\u0435\\u0440\"]}}]"}}, {"model": "admin.logentry", "pk": 66, "fields": {"action_time": "2022-11-27T17:36:13.587Z", "user": 1, "content_type": 13, "object_id": "2", "object_repr": "Nike  Air Mag sneakers", "action_flag": 2, "change_message": "[{\"changed\": {\"fields\": [\"\\u041f\\u043e\\u0441\\u0442\\u0435\\u0440\"]}}]"}}, {"model": "admin.logentry", "pk": 67, "fields": {"action_time": "2022-11-27T17:36:44.662Z", "user": 1, "content_type": 13, "object_id": "1", "object_repr": "Louis Vuitton Air Force 1", "action_flag": 2, "change_message": "[{\"changed\": {\"fields\": [\"\\u0421\\u043b\\u043e\\u0433\\u0430\\u043d\", \"\\u041f\\u043e\\u0441\\u0442\\u0435\\u0440\"]}}]"}}, {"model": "admin.logentry", "pk": 68, "fields": {"action_time": "2022-11-27T17:37:33.077Z", "user": 1, "content_type": 13, "object_id": "1", "object_repr": "Louis Vuitton Air Force 1", "action_flag": 2, "change_message": "[{\"changed\": {\"fields\": [\"\\u041f\\u043e\\u0441\\u0442\\u0435\\u0440\"]}}]"}}, {"model": "admin.logentry", "pk": 69, "fields": {"action_time": "2022-11-27T17:39:07.654Z", "user": 1, "content_type": 13, "object_id": "2", "object_repr": "Nike  Air Mag sneakers", "action_flag": 2, "change_message": "[{\"changed\": {\"fields\": [\"\\u041f\\u043e\\u0441\\u0442\\u0435\\u0440\"]}}]"}}, {"model": "admin.logentry", "pk": 70, "fields": {"action_time": "2022-11-27T17:39:57.772Z", "user": 1, "content_type": 13, "object_id": "1", "object_repr": "Louis Vuitton Air Force 1", "action_flag": 2, "change_message": "[{\"changed\": {\"fields\": [\"\\u041f\\u043e\\u0441\\u0442\\u0435\\u0440\"]}}]"}}, {"model": "admin.logentry", "pk": 71, "fields": {"action_time": "2022-11-27T17:43:06.646Z", "user": 1, "content_type": 13, "object_id": "1", "object_repr": "Louis Vuitton Air Force 1", "action_flag": 2, "change_message": "[{\"changed\": {\"fields\": [\"\\u041f\\u043e\\u0441\\u0442\\u0435\\u0440\"]}}]"}}, {"model": "admin.logentry", "pk": 72, "fields": {"action_time": "2022-11-27T17:45:22.492Z", "user": 1, "content_type": 13, "object_id": "1", "object_repr": "Louis Vuitton Air Force 1", "action_flag": 2, "change_message": "[{\"changed\": {\"fields\": [\"\\u041f\\u043e\\u0441\\u0442\\u0435\\u0440\"]}}]"}}, {"model": "admin.logentry", "pk": 73, "fields": {"action_time": "2022-11-27T17:51:53.386Z", "user": 1, "content_type": 13, "object_id": "1", "object_repr": "Louis Vuitton Air Force 1", "action_flag": 2, "change_message": "[{\"changed\": {\"fields\": [\"\\u041f\\u043e\\u0441\\u0442\\u0435\\u0440\"]}}]"}}, {"model": "admin.logentry", "pk": 74, "fields": {"action_time": "2022-11-27T17:52:12.977Z", "user": 1, "content_type": 13, "object_id": "2", "object_repr": "Nike  Air Mag sneakers", "action_flag": 2, "change_message": "[{\"changed\": {\"fields\": [\"\\u041f\\u043e\\u0441\\u0442\\u0435\\u0440\"]}}]"}}, {"model": "admin.logentry", "pk": 75, "fields": {"action_time": "2022-11-30T12:45:18.579Z", "user": 1, "content_type": 18, "object_id": "6", "object_repr": "nike_air_mag_1", "action_flag": 1, "change_message": "[{\"added\": {}}]"}}, {"model": "admin.logentry", "pk": 76, "fields": {"action_time": "2022-11-30T19:16:33.432Z", "user": 1, "content_type": 12, "object_id": "1", "object_repr": "1", "action_flag": 1, "change_message": "[{\"added\": {}}]"}}, {"model": "admin.logentry", "pk": 77, "fields": {"action_time": "2022-11-30T19:16:47.765Z", "user": 1, "content_type": 28, "object_id": "1", "object_repr": "OrderItem object (1)", "action_flag": 1, "change_message": "[{\"added\": {}}]"}}, {"model": "admin.logentry", "pk": 78, "fields": {"action_time": "2022-11-30T19:17:00.569Z", "user": 1, "content_type": 28, "object_id": "2", "object_repr": "OrderItem object (2)", "action_flag": 1, "change_message": "[{\"added\": {}}]"}}, {"model": "admin.logentry", "pk": 79, "fields": {"action_time": "2022-12-05T13:42:03.507Z", "user": 1, "content_type": 9, "object_id": "2", "object_repr": "Women", "action_flag": 1, "change_message": "[{\"added\": {}}]"}}, {"model": "admin.logentry", "pk": 80, "fields": {"action_time": "2022-12-05T13:42:32.620Z", "user": 1, "content_type": 9, "object_id": "3", "object_repr": "Childeren", "action_flag": 1, "change_message": "[{\"added\": {}}]"}}, {"model": "admin.logentry", "pk": 81, "fields": {"action_time": "2022-12-05T13:44:21.183Z", "user": 1, "content_type": 15, "object_id": "2", "object_repr": "Heeled shoes", "action_flag": 1, "change_message": "[{\"added\": {}}]"}}, {"model": "admin.logentry", "pk": 82, "fields": {"action_time": "2022-12-05T13:45:11.897Z", "user": 1, "content_type": 15, "object_id": "3", "object_repr": "Sneakers", "action_flag": 1, "change_message": "[{\"added\": {}}]"}}, {"model": "admin.logentry", "pk": 83, "fields": {"action_time": "2022-12-05T13:46:10.041Z", "user": 1, "content_type": 15, "object_id": "2", "object_repr": "High-heels", "action_flag": 2, "change_message": "[{\"changed\": {\"fields\": [\"Sub-\\u041a\\u0430\\u0442\\u0435\\u0433\\u043e\\u0440\\u0438\\u044f\"]}}]"}}, {"model": "admin.logentry", "pk": 84, "fields": {"action_time": "2022-12-05T13:46:27.918Z", "user": 1, "content_type": 15, "object_id": "4", "object_repr": "Sneakers", "action_flag": 1, "change_message": "[{\"added\": {}}]"}}, {"model": "admin.logentry", "pk": 85, "fields": {"action_time": "2022-12-08T21:15:24.561Z", "user": 1, "content_type": 13, "object_id": "1", "object_repr": "Louis Vuitton Air Force 1", "action_flag": 2, "change_message": "[{\"changed\": {\"fields\": [\"\\u041f\\u043e\\u0441\\u0442\\u0435\\u0440\\u041a\\u043e\\u0440\\u0437\\u0438\\u043d\\u043a\\u0438\"]}}]"}}, {"model": "admin.logentry", "pk": 86, "fields": {"action_time": "2022-12-08T21:15:38.964Z", "user": 1, "content_type": 13, "object_id": "2", "object_repr": "Nike  Air Mag sneakers", "action_flag": 2, "change_message": "[{\"changed\": {\"fields\": [\"\\u041f\\u043e\\u0441\\u0442\\u0435\\u0440\\u041a\\u043e\\u0440\\u0437\\u0438\\u043d\\u043a\\u0438\"]}}]"}}, {"model": "admin.logentry", "pk": 87, "fields": {"action_time": "2022-12-08T21:17:29.757Z", "user": 1, "content_type": 13, "object_id": "1", "object_repr": "Louis Vuitton Air Force 1", "action_flag": 2, "change_message": "[{\"changed\": {\"fields\": [\"\\u041f\\u043e\\u0441\\u0442\\u0435\\u0440\\u041a\\u043e\\u0440\\u0437\\u0438\\u043d\\u043a\\u0438\"]}}]"}}, {"model": "admin.logentry", "pk": 88, "fields": {"action_time": "2022-12-08T21:17:45.464Z", "user": 1, "content_type": 13, "object_id": "2", "object_repr": "Nike  Air Mag sneakers", "action_flag": 2, "change_message": "[{\"changed\": {\"fields\": [\"\\u041f\\u043e\\u0441\\u0442\\u0435\\u0440\\u041a\\u043e\\u0440\\u0437\\u0438\\u043d\\u043a\\u0438\"]}}]"}}, {"model": "admin.logentry", "pk": 89, "fields": {"action_time": "2022-12-10T05:28:23.409Z", "user": 1, "content_type": 29, "object_id": "1", "object_repr": "shahristan", "action_flag": 2, "change_message": "[{\"changed\": {\"fields\": [\"Customer\", \"Order\", \"Address\", \"City\", \"State\", \"Zipcode\"]}}]"}}, {"model": "auth.permission", "pk": 1, "fields": {"name": "Can add log entry", "content_type": 1, "codename": "add_logentry"}}, {"model": "auth.permission", "pk": 2, "fields": {"name": "Can change log entry", "content_type": 1, "codename": "change_logentry"}}, {"model": "auth.permission", "pk": 3, "fields": {"name": "Can delete log entry", "content_type": 1, "codename": "delete_logentry"}}, {"model": "auth.permission", "pk": 4, "fields": {"name": "Can view log entry", "content_type": 1, "codename": "view_logentry"}}, {"model": "auth.permission", "pk": 5, "fields": {"name": "Can add permission", "content_type": 2, "codename": "add_permission"}}, {"model": "auth.permission", "pk": 6, "fields": {"name": "Can change permission", "content_type": 2, "codename": "change_permission"}}, {"model": "auth.permission", "pk": 7, "fields": {"name": "Can delete permission", "content_type": 2, "codename": "delete_permission"}}, {"model": "auth.permission", "pk": 8, "fields": {"name": "Can view permission", "content_type": 2, "codename": "view_permission"}}, {"model": "auth.permission", "pk": 9, "fields": {"name": "Can add group", "content_type": 3, "codename": "add_group"}}, {"model": "auth.permission", "pk": 10, "fields": {"name": "Can change group", "content_type": 3, "codename": "change_group"}}, {"model": "auth.permission", "pk": 11, "fields": {"name": "Can delete group", "content_type": 3, "codename": "delete_group"}}, {"model": "auth.permission", "pk": 12, "fields": {"name": "Can view group", "content_type": 3, "codename": "view_group"}}, {"model": "auth.permission", "pk": 13, "fields": {"name": "Can add content type", "content_type": 4, "codename": "add_contenttype"}}, {"model": "auth.permission", "pk": 14, "fields": {"name": "Can change content type", "content_type": 4, "codename": "change_contenttype"}}, {"model": "auth.permission", "pk": 15, "fields": {"name": "Can delete content type", "content_type": 4, "codename": "delete_contenttype"}}, {"model": "auth.permission", "pk": 16, "fields": {"name": "Can view content type", "content_type": 4, "codename": "view_contenttype"}}, {"model": "auth.permission", "pk": 17, "fields": {"name": "Can add session", "content_type": 5, "codename": "add_session"}}, {"model": "auth.permission", "pk": 18, "fields": {"name": "Can change session", "content_type": 5, "codename": "change_session"}}, {"model": "auth.permission", "pk": 19, "fields": {"name": "Can delete session", "content_type": 5, "codename": "delete_session"}}, {"model": "auth.permission", "pk": 20, "fields": {"name": "Can view session", "content_type": 5, "codename": "view_session"}}, {"model": "auth.permission", "pk": 21, "fields": {"name": "Can add user", "content_type": 6, "codename": "add_customuser"}}, {"model": "auth.permission", "pk": 22, "fields": {"name": "Can change user", "content_type": 6, "codename": "change_customuser"}}, {"model": "auth.permission", "pk": 23, "fields": {"name": "Can delete user", "content_type": 6, "codename": "delete_customuser"}}, {"model": "auth.permission", "pk": 24, "fields": {"name": "Can view user", "content_type": 6, "codename": "view_customuser"}}, {"model": "auth.permission", "pk": 25, "fields": {"name": "Can add Бренд", "content_type": 7, "codename": "add_brand"}}, {"model": "auth.permission", "pk": 26, "fields": {"name": "Can change Бренд", "content_type": 7, "codename": "change_brand"}}, {"model": "auth.permission", "pk": 27, "fields": {"name": "Can delete Бренд", "content_type": 7, "codename": "delete_brand"}}, {"model": "auth.permission", "pk": 28, "fields": {"name": "Can view Бренд", "content_type": 7, "codename": "view_brand"}}, {"model": "auth.permission", "pk": 29, "fields": {"name": "Can add cart", "content_type": 8, "codename": "add_cart"}}, {"model": "auth.permission", "pk": 30, "fields": {"name": "Can change cart", "content_type": 8, "codename": "change_cart"}}, {"model": "auth.permission", "pk": 31, "fields": {"name": "Can delete cart", "content_type": 8, "codename": "delete_cart"}}, {"model": "auth.permission", "pk": 32, "fields": {"name": "Can view cart", "content_type": 8, "codename": "view_cart"}}, {"model": "auth.permission", "pk": 33, "fields": {"name": "Can add Категория", "content_type": 9, "codename": "add_category"}}, {"model": "auth.permission", "pk": 34, "fields": {"name": "Can change Категория", "content_type": 9, "codename": "change_category"}}, {"model": "auth.permission", "pk": 35, "fields": {"name": "Can delete Категория", "content_type": 9, "codename": "delete_category"}}, {"model": "auth.permission", "pk": 36, "fields": {"name": "Can view Категория", "content_type": 9, "codename": "view_category"}}, {"model": "auth.permission", "pk": 37, "fields": {"name": "Can add color", "content_type": 10, "codename": "add_color"}}, {"model": "auth.permission", "pk": 38, "fields": {"name": "Can change color", "content_type": 10, "codename": "change_color"}}, {"model": "auth.permission", "pk": 39, "fields": {"name": "Can delete color", "content_type": 10, "codename": "delete_color"}}, {"model": "auth.permission", "pk": 40, "fields": {"name": "Can view color", "content_type": 10, "codename": "view_color"}}, {"model": "auth.permission", "pk": 41, "fields": {"name": "Can add material", "content_type": 11, "codename": "add_material"}}, {"model": "auth.permission", "pk": 42, "fields": {"name": "Can change material", "content_type": 11, "codename": "change_material"}}, {"model": "auth.permission", "pk": 43, "fields": {"name": "Can delete material", "content_type": 11, "codename": "delete_material"}}, {"model": "auth.permission", "pk": 44, "fields": {"name": "Can view material", "content_type": 11, "codename": "view_material"}}, {"model": "auth.permission", "pk": 45, "fields": {"name": "Can add order", "content_type": 12, "codename": "add_order"}}, {"model": "auth.permission", "pk": 46, "fields": {"name": "Can change order", "content_type": 12, "codename": "change_order"}}, {"model": "auth.permission", "pk": 47, "fields": {"name": "Can delete order", "content_type": 12, "codename": "delete_order"}}, {"model": "auth.permission", "pk": 48, "fields": {"name": "Can view order", "content_type": 12, "codename": "view_order"}}, {"model": "auth.permission", "pk": 49, "fields": {"name": "Can add Продукт", "content_type": 13, "codename": "add_product"}}, {"model": "auth.permission", "pk": 50, "fields": {"name": "Can change Продукт", "content_type": 13, "codename": "change_product"}}, {"model": "auth.permission", "pk": 51, "fields": {"name": "Can delete Продукт", "content_type": 13, "codename": "delete_product"}}, {"model": "auth.permission", "pk": 52, "fields": {"name": "Can view Продукт", "content_type": 13, "codename": "view_product"}}, {"model": "auth.permission", "pk": 53, "fields": {"name": "Can add size", "content_type": 14, "codename": "add_size"}}, {"model": "auth.permission", "pk": 54, "fields": {"name": "Can change size", "content_type": 14, "codename": "change_size"}}, {"model": "auth.permission", "pk": 55, "fields": {"name": "Can delete size", "content_type": 14, "codename": "delete_size"}}, {"model": "auth.permission", "pk": 56, "fields": {"name": "Can view size", "content_type": 14, "codename": "view_size"}}, {"model": "auth.permission", "pk": 57, "fields": {"name": "Can add Категория", "content_type": 15, "codename": "add_subcategory"}}, {"model": "auth.permission", "pk": 58, "fields": {"name": "Can change Категория", "content_type": 15, "codename": "change_subcategory"}}, {"model": "auth.permission", "pk": 59, "fields": {"name": "Can delete Категория", "content_type": 15, "codename": "delete_subcategory"}}, {"model": "auth.permission", "pk": 60, "fields": {"name": "Can view Категория", "content_type": 15, "codename": "view_subcategory"}}, {"model": "auth.permission", "pk": 61, "fields": {"name": "Can add Отзыв", "content_type": 16, "codename": "add_review"}}, {"model": "auth.permission", "pk": 62, "fields": {"name": "Can change Отзыв", "content_type": 16, "codename": "change_review"}}, {"model": "auth.permission", "pk": 63, "fields": {"name": "Can delete Отзыв", "content_type": 16, "codename": "delete_review"}}, {"model": "auth.permission", "pk": 64, "fields": {"name": "Can view Отзыв", "content_type": 16, "codename": "view_review"}}, {"model": "auth.permission", "pk": 65, "fields": {"name": "Can add product size", "content_type": 17, "codename": "add_productsize"}}, {"model": "auth.permission", "pk": 66, "fields": {"name": "Can change product size", "content_type": 17, "codename": "change_productsize"}}, {"model": "auth.permission", "pk": 67, "fields": {"name": "Can delete product size", "content_type": 17, "codename": "delete_productsize"}}, {"model": "auth.permission", "pk": 68, "fields": {"name": "Can view product size", "content_type": 17, "codename": "view_productsize"}}, {"model": "auth.permission", "pk": 69, "fields": {"name": "Can add Фотография", "content_type": 18, "codename": "add_productshots"}}, {"model": "auth.permission", "pk": 70, "fields": {"name": "Can change Фотография", "content_type": 18, "codename": "change_productshots"}}, {"model": "auth.permission", "pk": 71, "fields": {"name": "Can delete Фотография", "content_type": 18, "codename": "delete_productshots"}}, {"model": "auth.permission", "pk": 72, "fields": {"name": "Can view Фотография", "content_type": 18, "codename": "view_productshots"}}, {"model": "auth.permission", "pk": 73, "fields": {"name": "Can add product material", "content_type": 19, "codename": "add_productmaterial"}}, {"model": "auth.permission", "pk": 74, "fields": {"name": "Can change product material", "content_type": 19, "codename": "change_productmaterial"}}, {"model": "auth.permission", "pk": 75, "fields": {"name": "Can delete product material", "content_type": 19, "codename": "delete_productmaterial"}}, {"model": "auth.permission", "pk": 76, "fields": {"name": "Can view product material", "content_type": 19, "codename": "view_productmaterial"}}, {"model": "auth.permission", "pk": 77, "fields": {"name": "Can add product color", "content_type": 20, "codename": "add_productcolor"}}, {"model": "auth.permission", "pk": 78, "fields": {"name": "Can change product color", "content_type": 20, "codename": "change_productcolor"}}, {"model": "auth.permission", "pk": 79, "fields": {"name": "Can delete product color", "content_type": 20, "codename": "delete_productcolor"}}, {"model": "auth.permission", "pk": 80, "fields": {"name": "Can view product color", "content_type": 20, "codename": "view_productcolor"}}, {"model": "auth.permission", "pk": 81, "fields": {"name": "Can add order_detail", "content_type": 21, "codename": "add_order_detail"}}, {"model": "auth.permission", "pk": 82, "fields": {"name": "Can change order_detail", "content_type": 21, "codename": "change_order_detail"}}, {"model": "auth.permission", "pk": 83, "fields": {"name": "Can delete order_detail", "content_type": 21, "codename": "delete_order_detail"}}, {"model": "auth.permission", "pk": 84, "fields": {"name": "Can view order_detail", "content_type": 21, "codename": "view_order_detail"}}, {"model": "auth.permission", "pk": 85, "fields": {"name": "Can add cart_ detail", "content_type": 22, "codename": "add_cart_detail"}}, {"model": "auth.permission", "pk": 86, "fields": {"name": "Can change cart_ detail", "content_type": 22, "codename": "change_cart_detail"}}, {"model": "auth.permission", "pk": 87, "fields": {"name": "Can delete cart_ detail", "content_type": 22, "codename": "delete_cart_detail"}}, {"model": "auth.permission", "pk": 88, "fields": {"name": "Can view cart_ detail", "content_type": 22, "codename": "view_cart_detail"}}, {"model": "auth.permission", "pk": 89, "fields": {"name": "Can add tag", "content_type": 23, "codename": "add_tag"}}, {"model": "auth.permission", "pk": 90, "fields": {"name": "Can change tag", "content_type": 23, "codename": "change_tag"}}, {"model": "auth.permission", "pk": 91, "fields": {"name": "Can delete tag", "content_type": 23, "codename": "delete_tag"}}, {"model": "auth.permission", "pk": 92, "fields": {"name": "Can view tag", "content_type": 23, "codename": "view_tag"}}, {"model": "auth.permission", "pk": 93, "fields": {"name": "Can add tagged item", "content_type": 24, "codename": "add_taggeditem"}}, {"model": "auth.permission", "pk": 94, "fields": {"name": "Can change tagged item", "content_type": 24, "codename": "change_taggeditem"}}, {"model": "auth.permission", "pk": 95, "fields": {"name": "Can delete tagged item", "content_type": 24, "codename": "delete_taggeditem"}}, {"model": "auth.permission", "pk": 96, "fields": {"name": "Can view tagged item", "content_type": 24, "codename": "view_taggeditem"}}, {"model": "auth.permission", "pk": 97, "fields": {"name": "Can add site", "content_type": 25, "codename": "add_site"}}, {"model": "auth.permission", "pk": 98, "fields": {"name": "Can change site", "content_type": 25, "codename": "change_site"}}, {"model": "auth.permission", "pk": 99, "fields": {"name": "Can delete site", "content_type": 25, "codename": "delete_site"}}, {"model": "auth.permission", "pk": 100, "fields": {"name": "Can view site", "content_type": 25, "codename": "view_site"}}, {"model": "auth.permission", "pk": 101, "fields": {"name": "Can add email address", "content_type": 26, "codename": "add_emailaddress"}}, {"model": "auth.permission", "pk": 102, "fields": {"name": "Can change email address", "content_type": 26, "codename": "change_emailaddress"}}, {"model": "auth.permission", "pk": 103, "fields": {"name": "Can delete email address", "content_type": 26, "codename": "delete_emailaddress"}}, {"model": "auth.permission", "pk": 104, "fields": {"name": "Can view email address", "content_type": 26, "codename": "view_emailaddress"}}, {"model": "auth.permission", "pk": 105, "fields": {"name": "Can add email confirmation", "content_type": 27, "codename": "add_emailconfirmation"}}, {"model": "auth.permission", "pk": 106, "fields": {"name": "Can change email confirmation", "content_type": 27, "codename": "change_emailconfirmation"}}, {"model": "auth.permission", "pk": 107, "fields": {"name": "Can delete email confirmation", "content_type": 27, "codename": "delete_emailconfirmation"}}, {"model": "auth.permission", "pk": 108, "fields": {"name": "Can view email confirmation", "content_type": 27, "codename": "view_emailconfirmation"}}, {"model": "auth.permission", "pk": 109, "fields": {"name": "Can add order item", "content_type": 28, "codename": "add_orderitem"}}, {"model": "auth.permission", "pk": 110, "fields": {"name": "Can change order item", "content_type": 28, "codename": "change_orderitem"}}, {"model": "auth.permission", "pk": 111, "fields": {"name": "Can delete order item", "content_type": 28, "codename": "delete_orderitem"}}, {"model": "auth.permission", "pk": 112, "fields": {"name": "Can view order item", "content_type": 28, "codename": "view_orderitem"}}, {"model": "auth.permission", "pk": 113, "fields": {"name": "Can add shipping address", "content_type": 29, "codename": "add_shippingaddress"}}, {"model": "auth.permission", "pk": 114, "fields": {"name": "Can change shipping address", "content_type": 29, "codename": "change_shippingaddress"}}, {"model": "auth.permission", "pk": 115, "fields": {"name": "Can delete shipping address", "content_type": 29, "codename": "delete_shippingaddress"}}, {"model": "auth.permission", "pk": 116, "fields": {"name": "Can view shipping address", "content_type": 29, "codename": "view_shippingaddress"}}, {"model": "sites.site", "pk": 1, "fields": {"domain": "example.com", "name": "example.com"}}, {"model": "contenttypes.contenttype", "pk": 1, "fields": {"app_label": "admin", "model": "logentry"}}, {"model": "contenttypes.contenttype", "pk": 2, "fields": {"app_label": "auth", "model": "permission"}}, {"model": "contenttypes.contenttype", "pk": 3, "fields": {"app_label": "auth", "model": "group"}}, {"model": "contenttypes.contenttype", "pk": 4, "fields": {"app_label": "contenttypes", "model": "contenttype"}}, {"model": "contenttypes.contenttype", "pk": 5, "fields": {"app_label": "sessions", "model": "session"}}, {"model": "contenttypes.contenttype", "pk": 6, "fields": {"app_label": "users", "model": "customuser"}}, {"model": "contenttypes.contenttype", "pk": 7, "fields": {"app_label": "shop", "model": "brand"}}, {"model": "contenttypes.contenttype", "pk": 8, "fields": {"app_label": "shop", "model": "cart"}}, {"model": "contenttypes.contenttype", "pk": 9, "fields": {"app_label": "shop", "model": "category"}}, {"model": "contenttypes.contenttype", "pk": 10, "fields": {"app_label": "shop", "model": "color"}}, {"model": "contenttypes.contenttype", "pk": 11, "fields": {"app_label": "shop", "model": "material"}}, {"model": "contenttypes.contenttype", "pk": 12, "fields": {"app_label": "shop", "model": "order"}}, {"model": "contenttypes.contenttype", "pk": 13, "fields": {"app_label": "shop", "model": "product"}}, {"model": "contenttypes.contenttype", "pk": 14, "fields": {"app_label": "shop", "model": "size"}}, {"model": "contenttypes.contenttype", "pk": 15, "fields": {"app_label": "shop", "model": "subcategory"}}, {"model": "contenttypes.contenttype", "pk": 16, "fields": {"app_label": "shop", "model": "review"}}, {"model": "contenttypes.contenttype", "pk": 17, "fields": {"app_label": "shop", "model": "productsize"}}, {"model": "contenttypes.contenttype", "pk": 18, "fields": {"app_label": "shop", "model": "productshots"}}, {"model": "contenttypes.contenttype", "pk": 19, "fields": {"app_label": "shop", "model": "productmaterial"}}, {"model": "contenttypes.contenttype", "pk": 20, "fields": {"app_label": "shop", "model": "productcolor"}}, {"model": "contenttypes.contenttype", "pk": 21, "fields": {"app_label": "shop", "model": "order_detail"}}, {"model": "contenttypes.contenttype", "pk": 22, "fields": {"app_label": "shop", "model": "cart_detail"}}, {"model": "contenttypes.contenttype", "pk": 23, "fields": {"app_label": "taggit", "model": "tag"}}, {"model": "contenttypes.contenttype", "pk": 24, "fields": {"app_label": "taggit", "model": "taggeditem"}}, {"model": "contenttypes.contenttype", "pk": 25, "fields": {"app_label": "sites", "model": "site"}}, {"model": "contenttypes.contenttype", "pk": 26, "fields": {"app_label": "account", "model": "emailaddress"}}, {"model": "contenttypes.contenttype", "pk": 27, "fields": {"app_label": "account", "model": "emailconfirmation"}}, {"model": "contenttypes.contenttype", "pk": 28, "fields": {"app_label": "shop", "model": "orderitem"}}, {"model": "contenttypes.contenttype", "pk": 29, "fields": {"app_label": "shop", "model": "shippingaddress"}}, {"model": "sessions.session", "pk": "4doxfxzix3pue4qe4qougfgxu1lap61s", "fields": {"session_data": ".eJxVjLsOAiEURP-F2hCQx4Klvd9ALveCrBpIlt3K-O-yyRbaTDHnzLxZgG0tYetpCTOxC5Ps9NtFwGeqO6AH1Hvj2Oq6zJHvCj9o57dG6XU93L-DAr2MdRZWSAkuonfSajAaAW2avNOT8SAEKlIDnQU4cipT1CMymeiVyyDZ5wvRWzfW:1ovJTr:EKUUtTmBhlooWVUiHRrAXZTG9x7F6F899oZcjRC99VU", "expire_date": "2022-11-30T14:33:35.791Z"}}, {"model": "sessions.session", "pk": "f6yo9ayzo36ltz2z5hih66hugejabz5f", "fields": {"session_data": ".eJxVjLsOAiEURP-F2hCQx4Klvd9ALveCrBpIlt3K-O-yyRbaTDHnzLxZgG0tYetpCTOxC5Ps9NtFwGeqO6AH1Hvj2Oq6zJHvCj9o57dG6XU93L-DAr2MdRZWSAkuonfSajAaAW2avNOT8SAEKlIDnQU4cipT1CMymeiVyyDZ5wvRWzfW:1ozIxD:JsB3h-wHTeWtc9nPUDXv41jdP2bo2XhvaZ0C4QVX4wc", "expire_date": "2022-12-11T14:48:23.948Z"}}, {"model": "sessions.session", "pk": "gpfaknur7tge2wj6h2ut8t1vzwoz7c8u", "fields": {"session_data": ".eJxVjMsOgyAUBf-FdUNARLhddu83EO7DattIIrpq-u8NiYt2e2bmvFXKxz6no8qWFlZXZdXld8NMT1kb4Ede70VTWfdtQd0UfdKqx8Lyup3u38Gc69xqDKEj8UBTJxTIRvQWDELkHjgiD0GQQSSDFz-BC-xsTyaDGYLzoD5fCGg4Wg:1p5AYK:iLZ0sVkP6VFU0yuzfLT1Vvx7zjwt6EJ-KNcH3BNUXfI", "expire_date": "2022-12-27T19:02:56.204Z"}}, {"model": "shop.category", "pk": 1, "fields": {"name": "Men", "url": "mens"}}, {"model": "shop.category", "pk": 2, "fields": {"name": "Women", "url": "women"}}, {"model": "shop.category", "pk": 3, "fields": {"name": "Childeren", "url": "child"}}, {"model": "shop.subcategory", "pk": 1, "fields": {"name": "Sneakers", "url": "sneakers", "category": 1}}, {"model": "shop.subcategory", "pk": 2, "fields": {"name": "High-heels", "url": "heeled_shoes", "category": 2}}, {"model": "shop.subcategory", "pk": 3, "fields": {"name": "Sneakers", "url": "sneakers_wm", "category": 2}}, {"model": "shop.subcategory", "pk": 4, "fields": {"name": "Sneakers", "url": "sneakers_ch", "category": 3}}, {"model": "shop.brand", "pk": 1, "fields": {"name": "Nike", "url": "nike", "description": "brend nike"}}, {"model": "shop.size", "pk": 1, "fields": {"size": 40}}, {"model": "shop.size", "pk": 2, "fields": {"size": 39}}, {"model": "shop.size", "pk": 3, "fields": {"size": 38}}, {"model": "shop.size", "pk": 4, "fields": {"size": 41}}, {"model": "shop.size", "pk": 5, "fields": {"size": 42}}, {"model": "shop.color", "pk": 1, "fields": {"title": "Gold", "code": "D4AF37"}}, {"model": "shop.color", "pk": 2, "fields": {"title": "Черный", "code": "000000"}}, {"model": "shop.color", "pk": 3, "fields": {"title": "Blue", "code": "0000FF"}}, {"model": "shop.color", "pk": 4, "fields": {"title": "Brown", "code": "964B00"}}, {"model": "shop.color", "pk": 5, "fields": {"title": "White", "code": "FFFFFF"}}, {"model": "shop.material", "pk": 1, "fields": {"material": "Leather"}}, {"model": "shop.material", "pk": 2, "fields": {"material": "Polyester 100%"}}, {"model": "shop.product", "pk": 1, "fields": {"url": "LouisVuittonAirForce1", "name": "Louis Vuitton Air Force 1", "slogan": "Louis Vuitton Air Force 1 sneakers from NIKE featuring gold-tone", "poster": "product/imgonline-com-ua-Resize-cIEHXyGDKT.png", "cartPoster": "product/imgonline-com-ua-Resize-cIEHXyGDKT_6rV8zSD.png", "price": 21, "sale": 0, "stock": 0, "description": "Louis Vuitton Air Force 1 sneakers from NIKE featuring gold-tone, metallic effect, monogram pattern, signature Swoosh logo detail, logo patch at the tongue, branded insole, flat rubber sole and front lace-up fastening. These styles are supplied by a premium sneaker marketplace. Stocking only the most sought-after footwear, they source and curate some of the most hard to find sneakers from around the world..", "model": "LD0222", "capacity": 300, "brand": 1, "subcategory": 1, "category": 1, "digital": false, "color": [1, 3, 4, 5], "size": [1], "material": [1]}}, {"model": "shop.product", "pk": 2, "fields": {"url": "NikeAirMag", "name": "Nike  Air Mag sneakers", "slogan": "Nearly fifty years after its conception in 1971, Nike’s iconic Swoosh logo remains unchanged, showcasing a prevalent and pioneering symbol for the brand.", "poster": "product/imgonline-com-ua-Resize-b75Q11pA3liwLIl.jpg", "cartPoster": "product/imgonline-com-ua-Resize-b75Q11pA3liwLIl_8EDSgJB.jpg", "price": 44, "sale": 0, "stock": 1, "description": "Nearly fifty years after its conception in 1971, Nike’s iconic Swoosh logo remains unchanged, showcasing a prevalent and pioneering symbol for the brand. Perhaps the most sought-after sneaker of all time, the Nike Mag from Back to the Future Part II was released in 2011 via limited eBay auctions to support the Michael J. Fox Foundation. The pair feature a round toe, a flat rubber sole, a signature Nike swoosh, a mid-calf length, a branded ankle strap and light-up detailing. These styles are supplied by a premium sneaker and street wear marketplace. Stocking only the most sought-after footwear and clothing, they source and curate some of the most hard-to-find items from around the world.", "model": "417744001", "capacity": 219, "brand": 1, "subcategory": 1, "category": 1, "digital": false, "color": [5], "size": [1, 2, 3, 4, 5], "material": [2]}}, {"model": "shop.productshots", "pk": 2, "fields": {"title": "Photo 1 Lousi", "imageSmall": "product_shots/download-2022-07-13t110636-879-1657706875.png", "imageBig": "product_shots/download-2022-07-13t110636-879-1657706875_DKEK4vK.png", "imageZoom": "product_shots/download-2022-07-13t110636-879-1657706875_VPMMOEd.png", "product": 1}}, {"model": "shop.productshots", "pk": 3, "fields": {"title": "photo loise 2", "imageSmall": "product_shots/louis-vuitton-nike-air-force-1-release-date-auction-sale-price.png", "imageBig": "product_shots/louis-vuitton-nike-air-force-1-release-date-auction-sale-price_3l6wfZ0.png", "imageZoom": "product_shots/louis-vuitton-nike-air-force-1-release-date-auction-sale-price_bcY5eek.png", "product": 1}}, {"model": "shop.productshots", "pk": 4, "fields": {"title": "photo louse 3", "imageSmall": "product_shots/louis-vuitton-x-air-force-1-white-tsw_qxwyJmZ.jpg", "imageBig": "product_shots/louis-vuitton-x-air-force-1-white-tsw_gaa0pr2.jpg", "imageZoom": "product_shots/louis-vuitton-x-air-force-1-white-tsw_77hIJNy.jpg", "product": 1}}, {"model": "shop.productshots", "pk": 5, "fields": {"title": "photo louse 4", "imageSmall": "product_shots/virgil-abloh-louis-vuitton-nike-air-force-1-release-9.png", "imageBig": "product_shots/virgil-abloh-louis-vuitton-nike-air-force-1-release-9_zEcGuA5.png", "imageZoom": "product_shots/virgil-abloh-louis-vuitton-nike-air-force-1-release-9_fff1t0W.png", "product": 1}}, {"model": "shop.productshots", "pk": 6, "fields": {"title": "nike_air_mag_1", "imageSmall": "product_shots/78201caa8500bc8727f52173a2ea4eb4cefb7c75-1100x735.jpg", "imageBig": "product_shots/78201caa8500bc8727f52173a2ea4eb4cefb7c75-1100x735_TUrTnOW.jpg", "imageZoom": "product_shots/78201caa8500bc8727f52173a2ea4eb4cefb7c75-1100x735_jw6qRFn.jpg", "product": 2}}, {"model": "shop.order", "pk": 1, "fields": {"customer": 1, "date_ordered": "2022-11-30T19:16:33.432Z", "complete": true, "transaction_id": "1670648275.171821"}}, {"model": "shop.order", "pk": 2, "fields": {"customer": 5, "date_ordered": "2022-11-30T20:50:41.925Z", "complete": true, "transaction_id": "1670528752.540914"}}, {"model": "shop.order", "pk": 3, "fields": {"customer": 5, "date_ordered": "2022-12-08T19:45:55.771Z", "complete": true, "transaction_id": "1670855310.476632"}}, {"model": "shop.order", "pk": 4, "fields": {"customer": 1, "date_ordered": "2022-12-10T04:58:00.672Z", "complete": true, "transaction_id": "1670648500.802439"}}, {"model": "shop.order", "pk": 5, "fields": {"customer": 1, "date_ordered": "2022-12-10T05:01:42.061Z", "complete": false, "transaction_id": null}}, {"model": "shop.order", "pk": 6, "fields": {"customer": 5, "date_ordered": "2022-12-12T14:28:45.492Z", "complete": false, "transaction_id": null}}, {"model": "shop.orderitem", "pk": 1, "fields": {"product": 1, "order": 1, "quantity": 3, "date_added": "2022-11-30T19:16:47.764Z"}}, {"model": "shop.orderitem", "pk": 2, "fields": {"product": 2, "order": 1, "quantity": 3, "date_added": "2022-11-30T19:17:00.567Z"}}, {"model": "shop.orderitem", "pk": 5, "fields": {"product": 1, "order": 2, "quantity": 7, "date_added": "2022-12-01T19:36:27.435Z"}}, {"model": "shop.orderitem", "pk": 6, "fields": {"product": 1, "order": 4, "quantity": 2, "date_added": "2022-12-10T05:01:20.327Z"}}, {"model": "shop.orderitem", "pk": 8, "fields": {"product": 1, "order": 3, "quantity": 1, "date_added": "2022-12-12T13:40:32.193Z"}}, {"model": "shop.shippingaddress", "pk": 1, "fields": {"customer": 1, "order": 4, "address": "shahristan", "city": "tashkent", "state": "Uzbekistan", "zipcode": "1123244", "date_added": "2022-12-08T19:45:52.566Z"}}, {"model": "shop.shippingaddress", "pk": 2, "fields": {"customer": 1, "order": 1, "address": "", "city": "", "state": "", "zipcode": "", "date_added": "2022-12-10T04:57:55.227Z"}}, {"model": "shop.shippingaddress", "pk": 3, "fields": {"customer": 1, "order": 4, "address": "", "city": "", "state": "", "zipcode": "", "date_added": "2022-12-10T05:01:40.833Z"}}, {"model": "shop.shippingaddress", "pk": 4, "fields": {"customer": 5, "order": 3, "address": "", "city": "", "state": "", "zipcode": "", "date_added": "2022-12-12T14:28:30.512Z"}}, {"model": "users.customuser", "pk": 1, "fields": {"password": "pbkdf2_sha256$390000$6dQ3XbX3IC98zIOaIYOPQ2$1EWON52DR9uAgZtI6mdO65XqRWctXnQHuMdA6avkoOs=", "last_login": "2022-12-14T13:32:36.369Z", "is_superuser": true, "first_name": "Abduraxim", "last_name": "Abidov", "is_staff": true, "is_active": true, "date_joined": "2022-11-16T14:32:52.444Z", "username": "wwelixx", "email": "abidov@gmail.com", "groups": [], "user_permissions": []}}, {"model": "users.customuser", "pk": 2, "fields": {"password": "pbkdf2_sha256$390000$TDwQE1cN4klhXxpCe8OwYn$TAYh4/f1g0Oze54vQT4o6mAGfhJH6ANMyvhf2jbUKS8=", "last_login": null, "is_superuser": false, "first_name": "", "last_name": "", "is_staff": false, "is_active": true, "date_joined": "2022-11-27T10:39:39.888Z", "username": "dennis", "email": "den@gmail.com", "groups": [], "user_permissions": []}}, {"model": "users.customuser", "pk": 3, "fields": {"password": "pbkdf2_sha256$390000$QOS8gt5wD8MNHBzokdr5ua$LeFbtBErrvrZT47mdI3Z+fum4W5P9IysPLQjur3e6/A=", "last_login": null, "is_superuser": false, "first_name": "", "last_name": "", "is_staff": false, "is_active": true, "date_joined": "2022-11-27T11:18:44.502Z", "username": "ubuntu3", "email": "ubuntu3@gmail.com", "groups": [], "user_permissions": []}}, {"model": "users.customuser", "pk": 4, "fields": {"password": "pbkdf2_sha256$390000$uiM6vYgzdZZzBXoUdyhyUX$ZodHt4VjQzy/eDVcvieZTtMgJE1hFTu7P7jAddY+daA=", "last_login": "2022-11-27T11:34:59.307Z", "is_superuser": false, "first_name": "", "last_name": "", "is_staff": false, "is_active": true, "date_joined": "2022-11-27T11:34:46.856Z", "username": "anna", "email": "anna@gmail.com", "groups": [], "user_permissions": []}}, {"model": "users.customuser", "pk": 5, "fields": {"password": "pbkdf2_sha256$390000$i45xDdE6aICRiSC3oNEfzR$4KD09gsCa7Q1tYXT+qfDBcq+WiLjrzYIF112qRUWiwg=", "last_login": "2022-12-12T13:40:27.996Z", "is_superuser": false, "first_name": "", "last_name": "", "is_staff": false, "is_active": true, "date_joined": "2022-11-27T11:45:15.921Z", "username": "ubuntu22", "email": "ubuntu22@gmail.com", "groups": [], "user_permissions": []}}]